"","Y","times","group"
"1",0.327119829991422,21.9553450439125,0
"2",1.33395189453571,22.4898099191487,0
"3",7.86861901352396,6.86734883487225,0
"4",2.2384300214622,19.9307430256158,0
"5",0.39455968411179,15.4018924534321,0
"6",1.58352260475823,12.4583027791232,0
"7",0.853036281849704,17.6781195513904,0
"8",3.38656640680085,3.23199833370745,0
"9",2.75076751508349,15.767814969644,0
"10",0.388472774824024,16.9215548168868,0
"11",0.925455870872366,10.9858026299626,0
"12",0.37492022565179,17.2586940396577,0
"13",0.783112374298183,22.4321339316666,0
"14",5.20171038248784,6.13029178418219,0
"15",1.31963995712016,11.0950277410448,0
"16",0.786880907251756,22.5603485461324,0
"17",0.849449754570688,23.4774342812598,0
"18",2.02573497385096,2.81969667971134,0
"19",0.633087927723015,11.3999299574643,0
"20",0.69962667403992,13.4479859098792,0
"21",0.791137685636447,21.6967532951385,0
"22",5.16190136601377,3.32904402539134,0
"23",3.07113006409941,23.7334014941007,0
"24",1.07394886140015,22.7200375813991,0
"25",8.83184845420634,1.97850139439106,0
"26",1.24392545426233,12.3410828243941,0
"27",1.6084424111909,9.36488321051002,0
"28",1.26764938150612,21.7377151418477,0
"29",1.00006023100396,10.7272710744292,0
"30",12.5387730091701,20.0641022399068,0
"31",11.0687025607145,17.7022948265076,0
"32",7.38977320193961,19.4653233904392,0
"33",0.139874015079517,9.31459878757596,0
"34",0.638659907070669,16.4440735056996,0
"35",0.815003783768743,0.0947601310908794,0
"36",11.3027940604159,19.9899859260768,0
"37",0.731640161490445,0.176019525155425,0
"38",3.04612444488173,4.98381534777582,0
"39",0.922142930941507,21.7584337871522,0
"40",0.412853161205919,14.6826874427497,0
"41",0.897259925265635,9.10942177288234,0
"42",0.497361581714563,10.4585180394351,0
"43",1.96058896307455,0.898344788700342,0
"44",0.514110897701056,23.3649579305202,0
"45",0.710423539970921,10.3620299734175,0
"46",0.30813215933424,22.9818383194506,0
"47",0.510803100285763,21.3061177320778,0
"48",1.82287186146727,15.3594904672354,0
"49",0.156419026147265,23.3031986486167,0
"50",1.61895773266849,14.8521169759333,0
"51",2.44496996611601,8.00225307047367,0
"52",5.16897394579499,8.32195795699954,0
"53",3.2287026165763,9.56364987418056,0
"54",9.34970746038264,18.8326266165823,0
"55",1.31639595845636,0.934475786983967,0
"56",3.09202020066221,17.9710892681032,0
"57",2.43256947580735,16.2546439245343,0
"58",5.31251862287416,4.11034392938018,0
"59",5.8154703349488,6.2661111317575,0
"60",2.04448913863524,12.3459104318172,0
"61",0.977893196623091,16.2145745884627,0
"62",0.501228224004357,23.5876127500087,0
"63",1.94276978736834,18.2290624212474,0
"64",2.11969347844606,13.5957221779972,0
"65",8.3816098317649,20.3925532456487,0
"66",1.89458845367705,4.54737444967031,0
"67",0.983681391465822,6.51087875291705,0
"68",8.69256559272764,19.8758036457002,0
"69",2.53599263997187,16.6369156893343,0
"70",0.319007363461257,5.77307375147939,0
"71",4.00094507600977,1.03173110447824,0
"72",2.63069108354367,3.37149825878441,0
"73",1.2966469355914,5.19324996136129,0
"74",2.32709080247758,11.5055655408651,0
"75",1.73800205737857,4.73784821480513,0
"76",3.83866361897917,17.2645401041955,0
"77",0.648280095554376,0.189233729615808,0
"78",2.19873038151267,9.01175915077329,0
"79",1.47984218195114,12.3457849994302,0
"80",0.32675507370983,0.0376933012157679,0
"81",1.87619659881841,13.9584960602224,0
"82",2.10244026067079,3.78972499631345,0
"83",2.14944939256286,8.61667934060097,0
"84",3.3228554803463,15.4951650816947,0
"85",13.6037693944793,18.6197607032955,0
"86",2.71025613758564,13.5275241974741,0
"87",4.13879584260605,5.60888156667352,0
"88",7.14658858495793,2.15953239239752,0
"89",2.67857111753629,2.05468955822289,0
"90",7.21159648449122,7.32524086721241,0
"91",0.111140037677514,16.0182363521308,0
"92",0.572768334646474,0.00573351792991161,0
"93",2.28653746223835,5.00567896664143,0
"94",0.411643043165015,22.3928190562874,0
"95",2.58028897846511,22.215473966673,0
"96",9.34837867294706,17.6182632241398,0
"97",0.771154060651754,7.99372760206461,0
"98",3.44818536558854,12.3615199159831,0
"99",2.41123139450604,17.8553915116936,0
"100",1.28356595495253,14.859821761027,0
"101",4.90141086057747,15.0298882685602,0
"102",3.12007467832708,5.21178475767374,0
"103",3.09796783911789,5.19761546328664,0
"104",0.715525448103219,9.33468068763614,0
"105",1.67646204075562,22.6189366076142,0
"106",0.746849167817089,23.102592330426,0
"107",3.37403977538885,17.7565267011523,0
"108",0.423854344087931,17.5979017373174,0
"109",1.44481745020975,12.8582709599286,0
"110",0.0769711896372537,0.0545511860400438,0
"111",0.856160871613973,14.6144988611341,0
"112",12.4058729392951,20.0832374263555,0
"113",6.45302872753769,18.0365415047854,0
"114",1.21087489630456,10.8655577413738,0
"115",1.69557326999913,12.8589598517865,0
"116",0.208894695527036,12.8970406875014,0
"117",0.664162752840331,0.0331402458250523,0
"118",2.593593994079,8.53598289191723,0
"119",0.760620863649934,14.6911941636354,0
"120",0.948778353334468,19.8946111332625,0
"121",1.2489111007956,8.56132798455656,0
"122",1.82655010644299,9.85524301975965,0
"123",6.5018350577594,13.7634215746075,0
"124",0.362467652308432,14.152279285714,0
"125",0.383119387422172,17.2717750165612,0
"126",1.66159879161541,9.47935308516026,0
"127",2.69429044693012,22.0608942992985,0
"128",0.993723838387074,23.1016870457679,0
"129",15.4866187656372,5.60456461273134,0
"130",0.879688569601237,17.3879423998296,0
"131",4.77919675421886,21.6872286032885,0
"132",0.541111344051425,14.483378034085,0
"133",0.410744346877525,15.1561751738191,0
"134",0.643325175621806,22.4972603917122,0
"135",11.9812852312838,20.4115860164165,0
"136",4.32484180099755,13.9157015774399,0
"137",16.688617706105,19.7136941738427,0
"138",2.94683006653501,2.72924661822617,0
"139",3.19718473612466,18.3481862079352,0
"140",1.82785329481144,14.9667229726911,0
"141",4.53583801311085,3.56271856091917,0
"142",3.00971853680276,1.92634719796479,0
"143",2.35232125156574,11.1376692317426,0
"144",8.38458624325049,18.7048358749598,0
"145",3.20658083486971,17.604671029374,0
"146",14.0649841388501,19.6135306656361,0
"147",6.49673939099166,4.0838995501399,0
"148",0.273027647740036,22.6732878126204,0
"149",2.74002939310408,7.04697219282389,0
"150",3.32404849467997,3.5777292586863,0
"151",0.69231654180368,17.265086190775,0
"152",4.09913683335464,7.77806285955012,0
"153",5.0446204691201,18.6914279647171,0
"154",2.07857865501064,9.46658404357731,0
"155",0.524909874106612,16.2862288299948,0
"156",3.13998127452176,18.6198010258377,0
"157",0.62127175090707,4.50885705649853,0
"158",0.30825574950362,0.698059653863311,0
"159",9.59575370062496,3.25713112950325,0
"160",1.05589320470338,16.323940275237,0
"161",1.13984546000274,22.4357508905232,0
"162",5.44093664849051,13.2118580248207,0
"163",2.23218342567264,14.4423896502703,0
"164",1.19090003684653,4.72786771506071,0
"165",0.712843906823179,12.845678653568,0
"166",1.71447034724867,4.30933774262667,0
"167",0.796222618779675,10.8452758658677,0
"168",2.18924311663622,7.609280442819,0
"169",10.5571576599692,2.78819208964705,0
"170",9.38431016324741,4.46645176224411,0
"171",5.93675319591265,17.5135223194957,0
"172",0.20426256736608,9.88492970913649,0
"173",0.773829237919678,9.93719236180186,0
"174",0.673579584694473,11.5274430960417,0
"175",5.49916239975739,10.2598671745509,0
"176",5.48037168952146,3.2757686432451,0
"177",1.86111324057254,19.792305752635,0
"178",4.20742484357464,14.2153018210083,0
"179",7.48768467400378,19.0655274633318,0
"180",2.95315803427572,18.4567782171071,0
"181",0.293847617453174,22.0333540141582,0
"182",5.74090955461236,20.7031146492809,0
"183",1.49358220699632,7.6074057072401,0
"184",3.91884760802025,6.22225382365286,0
"185",2.68397309169093,17.8143948465586,0
"186",4.48153321148417,17.9366668034345,0
"187",3.28536727315482,22.0296968165785,0
"188",3.88683875614428,19.0365890208632,0
"189",0.573657399067427,3.19991083815694,0
"190",0.452992069231859,6.9059940520674,0
"191",0.464772405713729,4.67222745157778,0
"192",11.6748581493173,18.818625183776,0
"193",4.9568845250436,3.09293188154697,0
"194",3.66295268419072,3.09814280457795,0
"195",5.68478030643438,1.73407467082143,0
"196",0.243287057691502,1.27510760352015,0
"197",4.94881946856513,12.764986474067,0
"198",6.78589499755583,2.69539779983461,0
"199",6.7613345917604,17.836505273357,0
"200",1.57416708415822,17.5515714548528,0
"201",2.37881155630555,21.2428244892508,0
"202",7.81289396576866,12.410665333271,0
"203",3.34621627617321,20.4463436398655,0
"204",0.553710775131147,10.6271104384214,0
"205",3.83989615458381,3.78912241011858,0
"206",0.175867271353743,10.6157913319767,0
"207",1.25784739808553,23.2256080135703,0
"208",0.0140037755915462,11.6301103066653,0
"209",3.38002526690245,6.05900254659355,0
"210",0.956172904590715,6.23255952447653,0
"211",4.49977620727256,13.0083825811744,0
"212",0.992516343720174,15.5970201026648,0
"213",5.514892861965,8.07405917532742,0
"214",2.7660385147794,1.46279391087592,0
"215",0.247489093710533,10.8314604051411,0
"216",20.456274651459,20.1301208026707,0
"217",1.65952248452365,13.7912960238755,0
"218",3.83400494389258,8.4804090578109,0
"219",3.94631924199494,13.1382258776575,0
"220",1.17331039536238,21.425246251747,0
"221",2.21343510086074,11.7597736939788,0
"222",5.95958428769521,4.11917071603239,0
"223",5.24998416108904,13.0327438563108,0
"224",0.320490772031381,23.0752247013152,0
"225",3.13376969025391,7.52841172926128,0
"226",7.23540736320587,19.6923491545022,0
"227",6.23376177241266,7.36930561065674,0
"228",4.75372988533757,4.45088594779372,0
"229",0.880955777773059,1.16032264195383,0
"230",5.96270001815445,5.89617953449488,0
"231",3.21069772152078,8.42656613141298,0
"232",4.60525908828383,3.81653716228902,0
"233",8.099389781042,7.29835192300379,0
"234",0.514193670643352,0.421159794554114,0
"235",0.638109400801416,23.9172643013299,0
"236",2.95624052447967,19.3054395038635,0
"237",1.79676544174066,2.07793444208801,0
"238",1.93445432023922,20.8783984724432,0
"239",3.965384139358,13.3100607208908,0
"240",1.32082354732357,10.1130821239203,0
"241",2.19784811890831,1.62328365817666,0
"242",1.61535138099169,13.4745109565556,0
"243",3.86941834869466,1.69732546247542,0
"244",3.5603351799915,5.07340653240681,0
"245",4.14953395386103,13.190889922902,0
"246",2.91645006396717,11.5675547607243,0
"247",2.72386716257177,3.82727650925517,0
"248",6.51160880807358,3.58989588171244,0
"249",4.35328338125887,11.982549129054,0
"250",0.658473003832407,22.5735570732504,0
"251",1.3705824861886,8.02155183814466,0
"252",1.88640169880358,4.52242390997708,0
"253",5.76726331552033,6.47318827919662,0
"254",1.57697739322725,12.7378578744829,0
"255",2.55646635222824,0.514805484563112,0
"256",12.2814263296592,19.1702473796904,0
"257",5.59424922370183,2.64804240502417,0
"258",2.44593710413199,12.9551588594913,0
"259",5.63704399630638,13.7096135392785,0
"260",1.82953725849156,14.8548371270299,0
"261",0.234619412062947,17.1564886439592,0
"262",2.99037124015059,2.95921388827264,0
"263",1.70308449112502,7.46519085019827,0
"264",0.563851848848749,22.6977399028838,0
"265",1.32100857635864,12.0006022173911,0
"266",1.13515353626642,3.24553197808564,0
"267",2.00054365800353,20.8621876928955,0
"268",0.710162085821025,4.9211906902492,0
"269",0.371351462611025,22.2011013831943,0
"270",0.448242208023418,21.2820863574743,0
"271",2.52591876782282,3.27109980583191,0
"272",14.2718003214977,18.8483866117895,0
"273",0.757452332362303,10.8792819399387,0
"274",2.46551202223098,3.25781806558371,0
"275",1.62335633229836,21.245304884389,0
"276",8.18101602732063,8.08112496323884,0
"277",6.08875074843351,7.66257876344025,0
"278",0.456377788655722,9.69078755378723,0
"279",0.698920982176119,11.4978553690016,0
"280",1.47644353377026,8.82964368537068,0
"281",4.13921402216345,11.1765736229718,0
"282",1.53702020160515,1.19741166941822,0
"283",1.53275339333228,4.49656107835472,0
"284",0.382018189519308,23.5838259290904,0
"285",4.09803056143868,7.87857767008245,0
"286",2.20413775317278,4.10391337238252,0
"287",1.59768254237402,11.7181174680591,0
"288",0.936862752594827,0.448497880250216,0
"289",0.897291630796195,8.14764200896025,0
"290",0.754562737720418,0.711921013891697,0
"291",6.46606398652862,20.8134879134595,0
"292",3.15599505846481,17.5609823931009,0
"293",8.5601517322262,7.56625912338495,0
"294",0.829976777076365,9.27489628270268,0
"295",6.32217112961163,7.97870377264917,0
"296",1.88077166151729,2.15467130765319,0
"297",8.59592972870439,18.1693344600499,0
"298",4.06963877001959,14.4712439328432,0
"299",3.2899729390021,3.48959934152663,0
"300",0.972094331903281,0.78041960299015,0
"301",0.844952331573391,11.6104353982955,0
"302",0.545649450935258,10.6696686688811,0
"303",1.88885197927383,1.44925415888429,0
"304",3.35309188892588,7.86014452949166,0
"305",1.32522851064326,21.0822971351445,0
"306",1.34599313653279,22.3345172703266,0
"307",1.09447720403855,9.41228296793997,0
"308",2.59716116549743,3.81232259608805,0
"309",2.85585430666513,7.67874242551625,0
"310",1.23107501301087,7.36717488616705,0
"311",2.92173131880152,2.58747010678053,0
"312",0.700429391464553,23.5040232818574,0
"313",5.58615508636567,11.9256822746247,0
"314",3.06412860984169,2.23379212617874,0
"315",1.19957941462867,5.08256779611111,0
"316",0.625820164557766,22.3320179097354,0
"317",5.19575255549054,7.12431376241148,0
"318",0.346464243587368,15.6772379726171,0
"319",5.90624233666261,21.6256914697587,0
"320",0.397620459668398,23.7790990378708,0
"321",1.28612726209799,10.3279973119497,0
"322",1.61147603919086,9.4506461340934,0
"323",6.73166628420956,3.40581349097192,0
"324",3.98260823392184,6.71536071226001,0
"325",3.32023225631483,13.5557333417237,0
"326",1.15129362014191,22.4433481302112,0
"327",1.74640146880646,8.60160348191857,0
"328",3.60073292300292,20.2081723418087,0
"329",3.14269289988401,17.3378211446106,0
"330",2.31899237724323,18.0176637433469,0
"331",1.30860051091119,22.1757228523493,0
"332",2.54022914434046,0.0570745635777712,0
"333",1.05200626418115,3.85031795874238,0
"334",2.98606615908818,9.58255083113909,0
"335",0.379420887209111,16.2076698560268,0
"336",3.10151474201197,11.5289283916354,0
"337",3.88333958873255,12.8118907380849,0
"338",4.0687898607761,7.60680377483368,0
"339",16.7818409776269,19.554182164371,0
"340",3.19081716276207,7.01326850987971,0
"341",0.342912429229485,9.81917019188404,0
"342",2.9150820222091,2.18203938379884,0
"343",34.8011578007041,19.1663193125278,0
"344",0.7116939553081,8.63484599255025,0
"345",0.365500821921445,0.971701841801405,0
"346",1.16207466836604,0.986072156578302,0
"347",0.326870242314314,22.9064217209816,0
"348",2.04670697404022,8.96018987707794,0
"349",16.3659856020879,19.3540720213205,0
"350",1.1341955213356,21.8414162155241,0
"351",1.05339836883252,10.5618291087449,0
"352",8.8040089823319,13.8320760726929,0
"353",3.15124706226768,1.76802708394825,0
"354",1.8631217870698,3.951057465747,0
"355",4.64374545678342,17.7573786210269,0
"356",2.05730972293865,11.4170643053949,0
"357",2.99859864472547,16.4525028783828,0
"358",1.74684419318912,22.8363586273044,0
"359",0.39480084211824,11.9391477014869,0
"360",1.66187298444707,11.2920150384307,0
"361",9.30332775508625,13.444606801495,0
"362",3.35906996638538,15.6602428928018,0
"363",3.49221329386094,6.70976397022605,0
"364",2.03565660248246,23.5177821479738,0
"365",1.65710101557161,15.4527385924011,0
"366",2.81092108520419,13.9818824585527,0
"367",1.19659139669927,14.7809046227485,0
"368",1.40510788463893,22.2033670675009,0
"369",0.906028377716071,9.36054948717356,0
"370",0.830997083179691,6.91007244028151,0
"371",6.51103353964815,2.17766315303743,0
"372",2.22043496986212,7.72881369665265,0
"373",0.736247157521137,18.1984827015549,0
"374",2.10104585713509,2.50591031089425,0
"375",3.10572094296213,17.0466684624553,0
"376",0.129614458708714,23.195457207039,0
"377",1.79011430454991,4.83578942902386,0
"378",3.87936302617582,2.60372770763934,0
"379",0.856229721906251,1.32965229079127,0
"380",8.10808553812496,19.9133643619716,0
"381",2.47458266754784,13.9487461578101,0
"382",1.68563906362973,11.2822170071304,0
"383",5.07663433211677,8.76033888012171,0
"384",8.65443339374873,6.72299105487764,0
"385",1.71244208021133,14.3931805193424,0
"386",4.80383464582465,19.6456707101315,0
"387",3.93670540275809,2.34797473065555,0
"388",0.198779938242141,23.1285486258566,0
"389",4.63800480952018,4.04967464134097,0
"390",3.98240289207816,2.06600174121559,0
"391",13.1296855055749,20.6690566968173,0
"392",2.95950943391907,12.5949744489044,0
"393",1.16953358627994,15.7634610068053,0
"394",0.437264758503544,5.50846494734287,0
"395",2.13868959498302,17.3094247542322,0
"396",2.0971143969502,11.7780094798654,0
"397",1.36173335462279,23.1661342196167,0
"398",1.88859961427565,21.7666195314378,0
"399",6.21795048818399,13.2300126682967,0
"400",0.844044746385543,1.81437838822603,0
"401",0.554606622201129,0.544800270348787,0
"402",2.93824166399407,12.3177486676723,0
"403",0.684491795440151,15.1374276392162,0
"404",1.51027478260399,10.0505189839751,0
"405",8.32528078713774,21.1023826841265,0
"406",3.4281809971314,2.59168975241482,0
"407",1.05833654553236,23.5266887135804,0
"408",6.91227600399179,6.35919915139675,0
"409",2.31287343851504,2.02266055718064,0
"410",1.02118594720234,9.26177221722901,0
"411",6.64322005296382,2.99749985150993,0
"412",3.20934388694739,13.9573013205081,0
"413",7.57974710405289,5.76359059475362,0
"414",1.82564747991543,17.3253093268722,0
"415",1.62163218562109,3.50228857621551,0
"416",6.43059280830022,3.6681304872036,0
"417",4.87880403423132,6.22134408541024,0
"418",6.6613975981774,18.6692702416331,0
"419",0.621580196998699,10.2351911924779,0
"420",7.80255700858975,1.44116006791592,0
"421",1.64937665873965,2.7559808883816,0
"422",2.45171684587636,11.586165536195,0
"423",0.497135488339974,23.5001660138369,0
"424",0.36292322166976,19.4764028862119,0
"425",8.74681945592306,13.0299076102674,0
"426",6.41808871160243,1.73681008815765,0
"427",2.97080619835576,11.1956459060311,0
"428",5.29512102716948,8.15773550234735,0
"429",2.34612065298812,16.5580465234816,0
"430",4.60052326328735,12.3397769294679,0
"431",2.75586081660094,12.3581523746252,0
"432",1.18930608292143,13.0923444963992,0
"433",3.03043769054997,10.7389759216458,0
"434",0.86560958797208,2.01323616877198,0
"435",2.30027782617143,22.3232086021453,0
"436",1.75726895798911,0.394756469875574,0
"437",1.38647974365077,9.93821758590639,0
"438",0.481422338626305,5.44742624089122,0
"439",0.302211656077229,2.39137409627438,0
"440",0.790104182639752,11.5901730023324,0
"441",6.4867821599513,15.6030881144106,0
"442",1.76714618909674,22.1119146812707,0
"443",3.42122184459482,8.70244337059557,0
"444",7.97608135009645,20.523239761591,0
"445",1.8539189384153,7.22174763679504,0
"446",0.719588868801849,11.1758982036263,0
"447",5.89234536248554,3.4255359582603,0
"448",11.6195823429095,19.3852558471262,0
"449",0.367619250940607,15.9793831631541,0
"450",1.07317460691263,1.48658351786435,0
"451",0.697310769783841,10.3422136399895,0
"452",1.00272090274427,9.52452195435762,0
"453",2.37811817401667,16.7269620336592,0
"454",1.3946743381032,15.8236716147512,0
"455",0.375432849203481,9.77641703188419,0
"456",0.883090614319029,7.36608528904617,0
"457",9.45007673295884,6.12257628142834,0
"458",0.304844156337714,16.1416356805712,0
"459",1.06040565652808,21.4654424060136,0
"460",11.2369575423182,20.2976677492261,0
"461",0.694560724005831,9.42964456602931,0
"462",0.235953126524156,1.89721295982599,0
"463",12.2837251388349,19.8821533676237,0
"464",2.96676387894971,1.74940379709005,0
"465",1.23192453665069,2.75430426187813,0
"466",1.63879067235093,15.3596224822104,0
"467",3.89420160739523,7.69358880445361,0
"468",3.2649323953119,4.52998862788081,0
"469",0.391688563301577,9.45191138796508,0
"470",4.88403166440097,20.6886243838817,0
"471",2.15663320571363,8.34987375698984,0
"472",0.469713941994195,0.0344135630875826,0
"473",1.69961154621415,21.8708268888295,0
"474",0.719866227658433,22.8413627743721,0
"475",1.80311518477166,11.7820555921644,0
"476",0.553942462055348,11.1276411674917,0
"477",1.06731906078799,14.3153291232884,0
"478",3.6784984167505,21.7452229745686,0
"479",1.94174851918235,4.15202829614282,0
"480",2.8918188956455,18.8611458409578,0
"481",3.1400523472121,5.59042523056269,0
"482",3.57023994133336,13.8491570167243,0
"483",6.0330157502224,20.1810487993062,0
"484",4.55510277912577,3.17289064452052,0
"485",2.33268495887436,21.5013885498047,0
"486",1.71242297863641,10.8032961878926,0
"487",2.55115966062576,21.4594209082425,0
"488",9.42553117111264,5.96508433297276,0
"489",0.79586160794362,2.00868704728782,0
"490",1.53243559538139,1.16738579235971,0
"491",0.587072968792838,23.5155808087438,0
"492",4.05968545737036,11.6200257875025,0
"493",3.49173743882041,20.2894328143448,0
"494",0.784128003990886,9.99104650877416,0
"495",3.22933798789643,11.7442210279405,0
"496",4.2167196483908,4.39890762045979,0
"497",9.36579789341188,18.2198752295226,0
"498",0.960056095525213,7.32343926094472,0
"499",3.44015197985768,3.97627793066204,0
"500",0.569317395078468,0.787419430911541,0
"501",9.41697958136544,21.9553450439125,1
"502",2.40046039811972,22.4898099191487,1
"503",3.85664779596346,6.86734883487225,1
"504",7.89410440047829,19.9307430256158,1
"505",2.61551202509734,15.4018924534321,1
"506",6.49004391618805,12.4583027791232,1
"507",5.29806581142021,17.6781195513904,1
"508",9.85285630832204,3.23199833370745,1
"509",9.01723817356813,15.767814969644,1
"510",3.83566618162604,16.9215548168868,1
"511",7.02523745393247,10.9858026299626,1
"512",15.9136499044056,17.2586940396577,1
"513",1.52054706514254,22.4321339316666,1
"514",6.86526279962184,6.13029178418219,1
"515",8.79366126862272,11.0950277410448,1
"516",2.57800757862713,22.5603485461324,1
"517",5.67526505620012,23.4774342812598,1
"518",21.0317462902007,2.81969667971134,1
"519",6.55788354253764,11.3999299574643,1
"520",5.32952597189703,13.4479859098792,1
"521",4.87703350528424,21.6967532951385,1
"522",4.66616245379477,3.32904402539134,1
"523",6.24061003968276,23.7334014941007,1
"524",12.372451766927,22.7200375813991,1
"525",4.01726798283943,1.97850139439106,1
"526",6.44607925348973,12.3410828243941,1
"527",17.0423374470834,9.36488321051002,1
"528",5.53594569687562,21.7377151418477,1
"529",12.5178001524075,10.7272710744292,1
"530",15.6086950993962,20.0641022399068,1
"531",7.01988411172899,17.7022948265076,1
"532",12.5426836212554,19.4653233904392,1
"533",8.84089690385831,9.31459878757596,1
"534",10.2309552853065,16.4440735056996,1
"535",0.921211651402522,0.0947601310908794,1
"536",3.20832374732742,19.9899859260768,1
"537",0.696549482648041,0.176019525155425,1
"538",6.21091163626041,4.98381534777582,1
"539",6.81867803178423,21.7584337871522,1
"540",2.33752908249856,14.6826874427497,1
"541",9.93319130047887,9.10942177288234,1
"542",17.180624972305,10.4585180394351,1
"543",15.5961920016901,0.898344788700342,1
"544",5.02380531508577,23.3649579305202,1
"545",6.02350457125765,10.3620299734175,1
"546",2.22558709284435,22.9818383194506,1
"547",2.68488868786344,21.3061177320778,1
"548",7.11667767601852,15.3594904672354,1
"549",4.11529989235374,23.3031986486167,1
"550",11.5162807938577,14.8521169759333,1
"551",19.2375549184315,8.00225307047367,1
"552",6.91882999552626,8.32195795699954,1
"553",18.6146068986654,9.56364987418056,1
"554",6.80489613711355,18.8326266165823,1
"555",17.4752737765316,0.934475786983967,1
"556",8.2093753959595,17.9710892681032,1
"557",7.96790313387369,16.2546439245343,1
"558",8.65154811052946,4.11034392938018,1
"559",3.35650866305768,6.2661111317575,1
"560",0.94761694452591,12.3459104318172,1
"561",10.3464673334111,16.2145745884627,1
"562",11.4935660782757,23.5876127500087,1
"563",2.53346850205043,18.2290624212474,1
"564",7.52741154976495,13.5957221779972,1
"565",5.26541430572636,20.3925532456487,1
"566",5.35964567951939,4.54737444967031,1
"567",2.20716114762836,6.51087875291705,1
"568",1.51465670240401,19.8758036457002,1
"569",6.70186838051558,16.6369156893343,1
"570",3.43599129367589,5.77307375147939,1
"571",1.16579319074778,1.03173110447824,1
"572",15.1426358703322,3.37149825878441,1
"573",7.77986648403654,5.19324996136129,1
"574",8.20423317780789,11.5055655408651,1
"575",6.71650466336341,4.73784821480513,1
"576",14.5792559816848,17.2645401041955,1
"577",2.77835370637666,0.189233729615808,1
"578",8.62593256057321,9.01175915077329,1
"579",9.16119006862476,12.3457849994302,1
"580",8.91699906857183,0.0376933012157679,1
"581",2.75995879695085,13.9584960602224,1
"582",10.6313597748121,3.78972499631345,1
"583",8.37869143844408,8.61667934060097,1
"584",13.4206218806649,15.4951650816947,1
"585",9.86130173462142,18.6197607032955,1
"586",0.319173000045359,13.5275241974741,1
"587",6.65480972606643,5.60888156667352,1
"588",17.5335915535212,2.15953239239752,1
"589",7.12254949769561,2.05468955822289,1
"590",7.81206410160332,7.32524086721241,1
"591",9.84429419747491,16.0182363521308,1
"592",9.07839958051527,0.00573351792991161,1
"593",5.13237534904034,5.00567896664143,1
"594",11.6658845198477,22.3928190562874,1
"595",4.81888706068119,22.215473966673,1
"596",4.31074557969759,17.6182632241398,1
"597",7.18753438727372,7.99372760206461,1
"598",6.50954094933994,12.3615199159831,1
"599",8.66156044468579,17.8553915116936,1
"600",6.52704305468094,14.859821761027,1
"601",6.93589208833028,15.0298882685602,1
"602",2.74920407217367,5.21178475767374,1
"603",4.41941781516329,5.19761546328664,1
"604",9.24186571773675,9.33468068763614,1
"605",6.37206708207514,22.6189366076142,1
"606",1.20089203699233,23.102592330426,1
"607",5.88863098945805,17.7565267011523,1
"608",13.0339515027843,17.5979017373174,1
"609",4.86498662476469,12.8582709599286,1
"610",7.88755757927431,0.0545511860400438,1
"611",13.4628064554997,14.6144988611341,1
"612",2.54494595764515,20.0832374263555,1
"613",4.34013689894063,18.0365415047854,1
"614",10.3293612481977,10.8655577413738,1
"615",3.81955624928569,12.8589598517865,1
"616",3.61717824313949,12.8970406875014,1
"617",1.89540433436262,0.0331402458250523,1
"618",11.6651369816028,8.53598289191723,1
"619",17.3136366366652,14.6911941636354,1
"620",4.82056575585307,19.8946111332625,1
"621",9.90513214127906,8.56132798455656,1
"622",15.4392910837734,9.85524301975965,1
"623",5.41359028041659,13.7634215746075,1
"624",5.17316623667783,14.152279285714,1
"625",13.3253615965897,17.2717750165612,1
"626",11.8437178507156,9.47935308516026,1
"627",3.79153928196275,22.0608942992985,1
"628",3.71421562600646,23.1016870457679,1
"629",2.42885487258551,5.60456461273134,1
"630",4.32623813979762,17.3879423998296,1
"631",5.75755101351389,21.6872286032885,1
"632",8.07553728401054,14.483378034085,1
"633",7.5569188356591,15.1561751738191,1
"634",3.84481044776307,22.4972603917122,1
"635",6.60890900803402,20.4115860164165,1
"636",17.510150977091,13.9157015774399,1
"637",21.7111306262011,19.7136941738427,1
"638",16.8679883748317,2.72924661822617,1
"639",6.12813170890436,18.3481862079352,1
"640",4.36470648582587,14.9667229726911,1
"641",11.8864555994611,3.56271856091917,1
"642",13.646521384551,1.92634719796479,1
"643",4.67416366351946,11.1376692317426,1
"644",15.6142874211666,18.7048358749598,1
"645",2.67130074553846,17.604671029374,1
"646",2.55708852979461,19.6135306656361,1
"647",16.8844319361776,4.0838995501399,1
"648",2.36494860782027,22.6732878126204,1
"649",5.42589794917723,7.04697219282389,1
"650",18.0149242232809,3.5777292586863,1
"651",13.7613367058867,17.265086190775,1
"652",8.00452662301062,7.77806285955012,1
"653",11.3689678340755,18.6914279647171,1
"654",11.1459529491359,9.46658404357731,1
"655",6.79497743266005,16.2862288299948,1
"656",14.2123690026701,18.6198010258377,1
"657",1.03391423428479,4.50885705649853,1
"658",4.07262959517359,0.698059653863311,1
"659",3.2416839206881,3.25713112950325,1
"660",18.8155762271189,16.323940275237,1
"661",13.8215007374466,22.4357508905232,1
"662",8.62079489767414,13.2118580248207,1
"663",5.92350936074768,14.4423896502703,1
"664",1.36435848055975,4.72786771506071,1
"665",8.66838749460313,12.845678653568,1
"666",23.6703350193045,4.30933774262667,1
"667",10.1986439981707,10.8452758658677,1
"668",10.6622969097268,7.609280442819,1
"669",16.9407252692631,2.78819208964705,1
"670",2.73739114372033,4.46645176224411,1
"671",9.78539467593005,17.5135223194957,1
"672",4.64089078691584,9.88492970913649,1
"673",12.9753542522197,9.93719236180186,1
"674",7.17790688726343,11.5274430960417,1
"675",10.1404836924509,10.2598671745509,1
"676",3.95249975214772,3.2757686432451,1
"677",4.4618062371712,19.792305752635,1
"678",6.30705696809981,14.2153018210083,1
"679",9.17968005404714,19.0655274633318,1
"680",4.43796352384614,18.4567782171071,1
"681",6.28499150914007,22.0333540141582,1
"682",4.35955734529144,20.7031146492809,1
"683",3.64276855363183,7.6074057072401,1
"684",5.7466208696701,6.22225382365286,1
"685",5.67862482581219,17.8143948465586,1
"686",5.9594754977258,17.9366668034345,1
"687",4.32908998038128,22.0296968165785,1
"688",1.58755619355358,19.0365890208632,1
"689",22.7971500004061,3.19991083815694,1
"690",1.89975588719609,6.9059940520674,1
"691",3.792660302949,4.67222745157778,1
"692",13.3716922505916,18.818625183776,1
"693",18.931064084307,3.09293188154697,1
"694",19.7138249508071,3.09814280457795,1
"695",11.3594801246986,1.73407467082143,1
"696",6.77141501115295,1.27510760352015,1
"697",5.22384122279646,12.764986474067,1
"698",2.62449325301315,2.69539779983461,1
"699",2.85002961401691,17.836505273357,1
"700",5.59662269717815,17.5515714548528,1
"701",6.52424035550531,21.2428244892508,1
"702",5.04711074449339,12.410665333271,1
"703",4.43448356812402,20.4463436398655,1
"704",11.6591325696251,10.6271104384214,1
"705",8.5513757171924,3.78912241011858,1
"706",3.5614730084654,10.6157913319767,1
"707",7.63282207482865,23.2256080135703,1
"708",3.15925193475486,11.6301103066653,1
"709",2.81202925116433,6.05900254659355,1
"710",5.00786194660368,6.23255952447653,1
"711",8.31114187998914,13.0083825811744,1
"712",12.6700162161025,15.5970201026648,1
"713",1.19271080494109,8.07405917532742,1
"714",14.1448367153743,1.46279391087592,1
"715",9.98191554047878,10.8314604051411,1
"716",3.31458829748627,20.1301208026707,1
"717",5.80672635658904,13.7912960238755,1
"718",6.91417441122712,8.4804090578109,1
"719",10.3850545754351,13.1382258776575,1
"720",2.04726731856496,21.425246251747,1
"721",1.45662096131968,11.7597736939788,1
"722",9.34060054857124,4.11917071603239,1
"723",5.5777372133982,13.0327438563108,1
"724",7.9070841742359,23.0752247013152,1
"725",3.39982460113704,7.52841172926128,1
"726",10.3832631411708,19.6923491545022,1
"727",4.24691697221604,7.36930561065674,1
"728",7.51124915857259,4.45088594779372,1
"729",12.8936371122704,1.16032264195383,1
"730",4.4743799117128,5.89617953449488,1
"731",1.42620388928908,8.42656613141298,1
"732",5.21822730786967,3.81653716228902,1
"733",0.209968771939439,7.29835192300379,1
"734",6.07226238969578,0.421159794554114,1
"735",3.91054499005746,23.9172643013299,1
"736",3.89432435822434,19.3054395038635,1
"737",8.33673987218961,2.07793444208801,1
"738",5.46791562140111,20.8783984724432,1
"739",10.066900495761,13.3100607208908,1
"740",10.2764490529117,10.1130821239203,1
"741",8.52122115477422,1.62328365817666,1
"742",7.81198576437158,13.4745109565556,1
"743",9.75661159446558,1.69732546247542,1
"744",9.00101032146681,5.07340653240681,1
"745",10.4802372950433,13.190889922902,1
"746",1.63377366201275,11.5675547607243,1
"747",3.45073455077578,3.82727650925517,1
"748",15.7367056899398,3.58989588171244,1
"749",2.56251014203075,11.982549129054,1
"750",2.26026295559472,22.5735570732504,1
"751",5.78321809017433,8.02155183814466,1
"752",7.00266535036216,4.52242390997708,1
"753",3.70376491381985,6.47318827919662,1
"754",7.28418075524727,12.7378578744829,1
"755",3.63441814375739,0.514805484563112,1
"756",12.106171547945,19.1702473796904,1
"757",8.84993252558594,2.64804240502417,1
"758",5.19696676643487,12.9551588594913,1
"759",2.73474159954322,13.7096135392785,1
"760",17.4641155956716,14.8548371270299,1
"761",14.061602890429,17.1564886439592,1
"762",7.0150907998157,2.95921388827264,1
"763",2.33858766587159,7.46519085019827,1
"764",3.31148577991006,22.6977399028838,1
"765",3.55996409249977,12.0006022173911,1
"766",12.9789250847984,3.24553197808564,1
"767",8.66607754782199,20.8621876928955,1
"768",2.38166869257021,4.9211906902492,1
"769",2.8555384576234,22.2011013831943,1
"770",4.79864970091008,21.2820863574743,1
"771",6.94916607246477,3.27109980583191,1
"772",18.4835478250854,18.8483866117895,1
"773",4.79429811371789,10.8792819399387,1
"774",3.18076968605415,3.25781806558371,1
"775",3.59787993489877,21.245304884389,1
"776",5.39899484990613,8.08112496323884,1
"777",2.6678481176446,7.66257876344025,1
"778",4.1280690689351,9.69078755378723,1
"779",2.56447941021535,11.4978553690016,1
"780",6.3238996495896,8.82964368537068,1
"781",9.17064677647601,11.1765736229718,1
"782",13.263604089683,1.19741166941822,1
"783",12.1788344276493,4.49656107835472,1
"784",8.92430441566113,23.5838259290904,1
"785",6.60595238434362,7.87857767008245,1
"786",8.63018568360164,4.10391337238252,1
"787",2.51284719610896,11.7181174680591,1
"788",8.7439032107095,0.448497880250216,1
"789",13.47689350429,8.14764200896025,1
"790",6.78661083101931,0.711921013891697,1
"791",7.32738692419282,20.8134879134595,1
"792",9.95684933141335,17.5609823931009,1
"793",2.74725526618869,7.56625912338495,1
"794",11.7781044905568,9.27489628270268,1
"795",2.23020453047391,7.97870377264917,1
"796",3.79467564366359,2.15467130765319,1
"797",6.9700136907298,18.1693344600499,1
"798",16.041213531741,14.4712439328432,1
"799",13.2912215704248,3.48959934152663,1
"800",10.8435721599399,0.78041960299015,1
"801",3.55757314846516,11.6104353982955,1
"802",7.38724265684715,10.6696686688811,1
"803",10.3871951353402,1.44925415888429,1
"804",10.0502735492326,7.86014452949166,1
"805",5.25773178415448,21.0822971351445,1
"806",3.19821300377797,22.3345172703266,1
"807",6.75565157491157,9.41228296793997,1
"808",8.18934523005909,3.81232259608805,1
"809",1.18117264839083,7.67874242551625,1
"810",6.83707267244839,7.36717488616705,1
"811",8.52486771281884,2.58747010678053,1
"812",7.25427706700483,23.5040232818574,1
"813",0.754642839089946,11.9256822746247,1
"814",6.93890778166858,2.23379212617874,1
"815",3.33073188300792,5.08256779611111,1
"816",5.39130917464247,22.3320179097354,1
"817",7.20681883931888,7.12431376241148,1
"818",11.8190037295982,15.6772379726171,1
"819",5.25260654305612,21.6256914697587,1
"820",7.03092220829188,23.7790990378708,1
"821",6.07323418878347,10.3279973119497,1
"822",11.0917272519013,9.4506461340934,1
"823",11.3343652943053,3.40581349097192,1
"824",7.95236132038959,6.71536071226001,1
"825",10.2875474908583,13.5557333417237,1
"826",6.36189006032616,22.4433481302112,1
"827",6.94219362085368,8.60160348191857,1
"828",8.24824480115321,20.2081723418087,1
"829",4.5202203089704,17.3378211446106,1
"830",8.27694507380564,18.0176637433469,1
"831",4.64030119443852,22.1757228523493,1
"832",1.55585556046876,0.0570745635777712,1
"833",3.03434172212113,3.85031795874238,1
"834",6.64035944592758,9.58255083113909,1
"835",2.92958425493588,16.2076698560268,1
"836",6.68807798007271,11.5289283916354,1
"837",9.9904416521662,12.8118907380849,1
"838",4.95994882058225,7.60680377483368,1
"839",4.15584789055741,19.554182164371,1
"840",7.30512024680087,7.01326850987971,1
"841",5.66162591196224,9.81917019188404,1
"842",6.16289507622941,2.18203938379884,1
"843",17.2532254772557,19.1663193125278,1
"844",5.39247482074362,8.63484599255025,1
"845",7.92251694200173,0.971701841801405,1
"846",3.93740900120358,0.986072156578302,1
"847",2.06478943773766,22.9064217209816,1
"848",2.65069380671281,8.96018987707794,1
"849",1.89352076928945,19.3540720213205,1
"850",9.06616259631395,21.8414162155241,1
"851",4.00176685996429,10.5618291087449,1
"852",3.30583761871822,13.8320760726929,1
"853",12.5454573271819,1.76802708394825,1
"854",6.73856127683624,3.951057465747,1
"855",9.50738727813988,17.7573786210269,1
"856",6.98865165613152,11.4170643053949,1
"857",11.8539136696823,16.4525028783828,1
"858",3.17359930119601,22.8363586273044,1
"859",3.76932554568127,11.9391477014869,1
"860",4.55747599785447,11.2920150384307,1
"861",6.95452499525229,13.444606801495,1
"862",4.65007148631123,15.6602428928018,1
"863",0.892143586084171,6.70976397022605,1
"864",9.76455173050423,23.5177821479738,1
"865",17.5028467726523,15.4527385924011,1
"866",16.6999149265274,13.9818824585527,1
"867",3.67498476837987,14.7809046227485,1
"868",7.64619112077572,22.2033670675009,1
"869",3.21278261033636,9.36054948717356,1
"870",5.85421243762979,6.91007244028151,1
"871",10.1226666152488,2.17766315303743,1
"872",0.965927990947677,7.72881369665265,1
"873",1.86715685407412,18.1984827015549,1
"874",8.2424633872143,2.50591031089425,1
"875",6.46601250825787,17.0466684624553,1
"876",3.66371539255299,23.195457207039,1
"877",6.4189062887252,4.83578942902386,1
"878",7.69350198706557,2.60372770763934,1
"879",12.0197111878549,1.32965229079127,1
"880",5.70723846167021,19.9133643619716,1
"881",8.43602488045475,13.9487461578101,1
"882",4.68831193500008,11.2822170071304,1
"883",11.8918856911943,8.76033888012171,1
"884",5.99725957466918,6.72299105487764,1
"885",5.31870225801302,14.3931805193424,1
"886",17.4148026563851,19.6456707101315,1
"887",4.9977833142723,2.34797473065555,1
"888",4.27296466031026,23.1285486258566,1
"889",18.2817844685732,4.04967464134097,1
"890",19.3225660837833,2.06600174121559,1
"891",4.00823690430116,20.6690566968173,1
"892",8.82988807388752,12.5949744489044,1
"893",7.62060513987723,15.7634610068053,1
"894",5.15772287939088,5.50846494734287,1
"895",15.9665529860684,17.3094247542322,1
"896",5.10132285062001,11.7780094798654,1
"897",3.76491481696726,23.1661342196167,1
"898",5.0823972221029,21.7666195314378,1
"899",1.43081062013171,13.2300126682967,1
"900",3.46130960459525,1.81437838822603,1
"901",7.98404673900726,0.544800270348787,1
"902",3.47138919384224,12.3177486676723,1
"903",8.03244975843332,15.1374276392162,1
"904",5.77055402589518,10.0505189839751,1
"905",7.69967309124289,21.1023826841265,1
"906",10.6596342751215,2.59168975241482,1
"907",10.1738225502457,23.5266887135804,1
"908",4.21476125720874,6.35919915139675,1
"909",5.35917461506156,2.02266055718064,1
"910",10.9024074590412,9.26177221722901,1
"911",7.49013330535518,2.99749985150993,1
"912",14.9870151511771,13.9573013205081,1
"913",5.84504997599194,5.76359059475362,1
"914",12.3456814267527,17.3253093268722,1
"915",28.8068193115892,3.50228857621551,1
"916",4.90602517049173,3.6681304872036,1
"917",8.23869835605492,6.22134408541024,1
"918",1.93012600312268,18.6692702416331,1
"919",16.2747353235797,10.2351911924779,1
"920",4.12768001146935,1.44116006791592,1
"921",2.96892897767272,2.7559808883816,1
"922",5.84360847855197,11.586165536195,1
"923",4.28544912923406,23.5001660138369,1
"924",5.63575366005487,19.4764028862119,1
"925",3.64575459933529,13.0299076102674,1
"926",17.2922307094109,1.73681008815765,1
"927",8.8911663693398,11.1956459060311,1
"928",7.26946976939507,8.15773550234735,1
"929",9.53487926174409,16.5580465234816,1
"930",9.55880877195762,12.3397769294679,1
"931",9.12853095606689,12.3581523746252,1
"932",5.22020805640398,13.0923444963992,1
"933",4.08856484666001,10.7389759216458,1
"934",21.2861171908041,2.01323616877198,1
"935",2.15478183862482,22.3232086021453,1
"936",15.1504088343398,0.394756469875574,1
"937",4.96565612619215,9.93821758590639,1
"938",9.12665695721898,5.44742624089122,1
"939",11.1527968129306,2.39137409627438,1
"940",8.93646007917539,11.5901730023324,1
"941",21.4197060822223,15.6030881144106,1
"942",8.31462579502929,22.1119146812707,1
"943",5.35560452603239,8.70244337059557,1
"944",9.99987791250293,20.523239761591,1
"945",6.28217146580181,7.22174763679504,1
"946",8.1364653975524,11.1758982036263,1
"947",15.1455767350724,3.4255359582603,1
"948",6.98931552274119,19.3852558471262,1
"949",3.65685236325315,15.9793831631541,1
"950",15.0018007757974,1.48658351786435,1
"951",10.3709085082455,10.3422136399895,1
"952",11.8279405133008,9.52452195435762,1
"953",4.9452489475002,16.7269620336592,1
"954",28.1139930845541,15.8236716147512,1
"955",10.4426088076035,9.77641703188419,1
"956",8.71528621760856,7.36608528904617,1
"957",11.4889108794395,6.12257628142834,1
"958",4.34392691244499,16.1416356805712,1
"959",1.95291808728735,21.4654424060136,1
"960",4.00500726969328,20.2976677492261,1
"961",13.7731341044818,9.42964456602931,1
"962",32.8183259083733,1.89721295982599,1
"963",11.5508633100753,19.8821533676237,1
"964",14.5682373549173,1.74940379709005,1
"965",9.0527711872857,2.75430426187813,1
"966",16.3604541676015,15.3596224822104,1
"967",3.35835087852095,7.69358880445361,1
"968",6.69897029122779,4.52998862788081,1
"969",3.92425297473089,9.45191138796508,1
"970",11.9651707707811,20.6886243838817,1
"971",4.0729449160854,8.34987375698984,1
"972",1.93712138200314,0.0344135630875826,1
"973",10.4537914051898,21.8708268888295,1
"974",1.63683774259349,22.8413627743721,1
"975",2.30767218151666,11.7820555921644,1
"976",6.77727428455058,11.1276411674917,1
"977",8.03473019981435,14.3153291232884,1
"978",3.28317890052078,21.7452229745686,1
"979",7.02864488950997,4.15202829614282,1
"980",23.0312236921028,18.8611458409578,1
"981",8.83138600149811,5.59042523056269,1
"982",7.52767938344773,13.8491570167243,1
"983",10.2647920513781,20.1810487993062,1
"984",7.18665391922384,3.17289064452052,1
"985",13.4234719399101,21.5013885498047,1
"986",3.51640773144422,10.8032961878926,1
"987",9.66386514868622,21.4594209082425,1
"988",4.19230866625722,5.96508433297276,1
"989",15.2191946102429,2.00868704728782,1
"990",5.8523422387984,1.16738579235971,1
"991",4.89162469348063,23.5155808087438,1
"992",3.45210266363007,11.6200257875025,1
"993",9.53101731976044,20.2894328143448,1
"994",1.24840721081312,9.99104650877416,1
"995",7.14433889480678,11.7442210279405,1
"996",9.63847493431834,4.39890762045979,1
"997",12.521397496867,18.2198752295226,1
"998",10.4569948341471,7.32343926094472,1
"999",3.59331219496941,3.97627793066204,1
"1000",5.95592281194269,0.787419430911541,1
